chair,desk,pillows,towels,bedsheets
couch,TV,cabinet,pillows,towels
bed,pillows,bedsheets,towels,shelf
chair,couch,desk,pillows,cabinet
bed,towels,cabinet,shelf,TV
TV,couch,bedsheets,pillows,towels
desk,chair,shelf,pillows,towels
bed,couch,pillows,cabinet,bedsheets
chair,desk,bedsheets,towels,pillows
TV,shelf,couch,pillows,cabinet
bed,pillows,towels,cabinet,shelf
chair,desk,couch,bedsheets,towels
TV,shelf,towels,pillows,cabinet
bed,couch,desk,cabinet,pillows
chair,pillows,towels,bedsheets,shelf
couch,desk,shelf,pillows,TV
bed,cabinet,TV,towels,pillows
chair,couch,bedsheets,pillows,towels
desk,shelf,towels,bed,pillows
TV,chair,cabinet,pillows,couch
